ticker,company,gics_sector,exposure,index_weight_pct,G_a,G_b,S_a,S_b,S_c,R_a,R_b,R_c,M_a,M_b,M_c,Governance,Strategy,Risk Mgmt,Metrics & Targets,total
ALL,Aristocrat Leisure,Consumer Discretionary,Reference,1.7612,2,2,2,1,2,2,1,2,0,1,1,2.0,1.6666666666666667,1.6666666666666667,0.6666666666666666,16
ALQ,Als Limited,Industrials,Reference,0.5139,1,1,2,1,1,2,1,2,1,2,2,1.0,1.3333333333333333,1.6666666666666667,1.6666666666666667,16
ANZ,Anz Group Hldgs Li,Financials,Indirect,5.3203,1,1,2,2,2,2,2,2,1,2,2,1.0,2.0,2.0,1.6666666666666667,19
APA,Apa Group,Utilities,Transition,0.6004,2,1,2,2,2,2,1,1,1,2,2,1.5,2.0,1.3333333333333333,1.6666666666666667,18
ASX,Asx Ltd,Financials,Indirect,0.5205,1,1,1,2,1,0,2,1,1,1,1,1.0,1.3333333333333333,1.0,1.0,12
BHP,Bhp Group Ltd,Materials,Transition,14.1419,2,1,1,2,2,1,1,2,2,2,2,1.5,1.6666666666666667,1.3333333333333333,2.0,18
BSL,Bluescope Steel,Materials,Transition,0.6727,1,1,1,2,1,2,1,2,1,1,2,1.0,1.3333333333333333,1.6666666666666667,1.3333333333333333,15
BXB,Brambles Ltd,Industrials,Physical,1.2056,2,2,2,1,2,2,1,2,2,1,2,2.0,1.6666666666666667,1.6666666666666667,1.6666666666666667,19
CAR,Car Group Ltd,Communication Services,Reference,0.5203,2,2,1,1,1,2,2,2,0,1,2,2.0,1.0,2.0,1.0,16
CBA,Cmnwlth Bk Of Aust,Financials,Indirect,12.6969,2,2,2,2,2,2,2,2,2,2,2,2.0,2.0,2.0,2.0,22
COH,Cochlear Ltd,Health Care,Reference,0.3934,1,2,2,1,1,1,1,1,0,2,2,1.5,1.3333333333333333,1.0,1.3333333333333333,14
COL,Coles Group Ltd,Consumer Staples,Physical,1.4325,2,1,2,2,2,2,1,1,2,2,2,1.5,2.0,1.3333333333333333,2.0,19
CPU,Computershare Ltd,Industrials,Reference,1.0015,2,1,1,1,1,2,1,2,0,2,1,1.5,1.0,1.6666666666666667,1.0,14
CSL,Csl Ltd,Health Care,Reference,3.0026,1,1,1,1,1,1,1,1,0,1,1,1.0,1.0,1.0,0.6666666666666666,10
EVN,Evolution Mining,Materials,Transition,1.2131,2,2,2,2,2,2,1,2,1,2,2,2.0,2.0,1.6666666666666667,1.6666666666666667,20
FMG,Fortescue Ltd,Materials,Transition,1.3263,2,1,2,2,2,2,2,2,1,1,2,1.5,2.0,2.0,1.3333333333333333,19
GMG,Goodman Group,Real Estate,Physical,2.7506,2,1,1,1,1,2,2,2,2,2,2,1.5,1.0,2.0,2.0,18
GPT,Gpt Group,Real Estate,Physical,0.4452,2,2,2,2,1,2,2,2,2,1,2,2.0,1.6666666666666667,2.0,1.6666666666666667,20
IAG,Insurance Aust Grp,Financials,Indirect,0.8731,2,1,2,2,2,2,2,2,1,2,2,1.5,2.0,2.0,1.6666666666666667,20
JHX,James Hardie Indus,Materials,Transition,0.6618,1,1,1,1,0,1,1,1,1,1,2,1.0,0.6666666666666666,1.0,1.3333333333333333,11
LNW,Light & Wonder Inc,Consumer Discretionary,Reference,0.4948,1,1,1,1,0,1,0,1,1,1,0,1.0,0.6666666666666666,0.6666666666666666,0.6666666666666666,8
LYC,Lynas Rare Earths,Materials,Transition,0.6876,2,1,2,2,1,2,2,2,1,1,2,1.5,1.6666666666666667,2.0,1.3333333333333333,18
MPL,Medibank Private L,Financials,Reference,0.639,1,2,1,1,1,1,1,2,1,2,1,1.5,1.0,1.3333333333333333,1.3333333333333333,14
MQG,Macquarie Gp Ltd,Financials,Indirect,4.212,2,1,2,2,1,2,1,2,1,1,2,1.5,1.6666666666666667,1.6666666666666667,1.3333333333333333,17
NAB,Natl Australia Bk,Financials,Indirect,5.7666,2,2,2,2,2,2,2,2,2,2,2,2.0,2.0,2.0,2.0,22
NEM,Newmont Corporatio,Materials,Transition,0.577,2,1,1,2,1,1,1,1,1,1,2,1.5,1.3333333333333333,1.0,1.3333333333333333,14
NST,Nthn Star Res Ltd,Materials,Transition,1.4619,2,2,1,2,2,2,1,2,2,1,2,2.0,1.6666666666666667,1.6666666666666667,1.6666666666666667,19
ORG,Origin Energy,Utilities,Transition,0.9374,2,2,2,2,1,2,1,2,0,1,2,2.0,1.6666666666666667,1.6666666666666667,1.0,17
PLS,Pls Group Limited,Materials,Transition,0.6763,2,1,2,1,2,2,2,1,1,1,2,1.5,1.6666666666666667,1.6666666666666667,1.3333333333333333,17
QAN,Qantas Airways,Industrials,Transition,0.6931,1,1,2,2,1,1,1,1,1,1,2,1.0,1.6666666666666667,1.0,1.3333333333333333,14
QBE,Qbe Ins Group,Financials,Indirect,1.5733,2,2,2,2,2,2,2,2,2,2,2,2.0,2.0,2.0,2.0,22
RIO,Rio Tinto Limited,Materials,Transition,2.8329,2,2,2,2,2,2,1,2,2,2,2,2.0,2.0,1.6666666666666667,2.0,21
RMD,Resmed Inc,Health Care,Reference,0.83,1,1,1,1,0,1,1,1,1,1,0,1.0,0.6666666666666666,1.0,0.6666666666666666,9
S32,South32 Ltd,Materials,Transition,0.9698,1,2,1,2,2,1,1,1,2,2,2,1.5,1.6666666666666667,1.0,2.0,17
SCG,Scentre Group Ltd,Real Estate,Physical,0.8848,2,2,2,2,2,2,2,2,1,1,1,2.0,2.0,2.0,1.0,19
SGP,Stockland,Real Estate,Physical,0.4734,1,1,1,2,1,1,2,1,1,1,2,1.0,1.3333333333333333,1.3333333333333333,1.3333333333333333,14
SHL,Sonic Healthcare,Health Care,Reference,0.4962,2,2,2,2,2,2,2,2,1,2,2,2.0,2.0,2.0,1.6666666666666667,21
SIG,Sigma Healthcare L,Health Care,Reference,0.7802,1,1,1,1,0,1,1,1,1,1,0,1.0,0.6666666666666666,1.0,0.6666666666666666,9
SOL,Washington H Soul,Financials,Indirect,0.754,1,1,1,0,0,1,0,1,0,0,0,1.0,0.3333333333333333,0.6666666666666666,0.0,5
STO,Santos Limited,Energy,Transition,1.1788,2,1,2,2,2,2,2,2,1,2,2,1.5,2.0,2.0,1.6666666666666667,20
SUN,Suncorp Group Ltd,Financials,Indirect,0.9691,1,1,1,2,2,1,2,2,2,2,2,1.0,1.6666666666666667,1.6666666666666667,2.0,18
TCL,Transurban Group,Industrials,Physical,1.9763,1,1,1,2,2,1,1,2,2,1,2,1.0,1.6666666666666667,1.3333333333333333,1.6666666666666667,16
TLC,Lottery Corporatio,Consumer Discretionary,Reference,0.5442,2,1,1,0,0,1,1,2,0,1,1,1.5,0.3333333333333333,1.3333333333333333,0.6666666666666666,10
TLS,Telstra Group Ltd,Communication Services,Reference,2.4345,2,2,2,2,2,2,2,2,2,2,2,2.0,2.0,2.0,2.0,22
WBC,Westpac Bkg Corp,Financials,Indirect,5.485,2,2,2,2,2,2,2,2,1,2,2,2.0,2.0,2.0,1.6666666666666667,21
WDS,Woodside Energy Gr,Energy,Transition,2.8037,2,2,2,2,2,1,2,1,1,1,2,2.0,2.0,1.3333333333333333,1.3333333333333333,18
WES,Wesfarmers Ltd,Consumer Discretionary,Reference,4.569,2,1,1,2,1,2,2,2,1,2,2,1.5,1.3333333333333333,2.0,1.6666666666666667,18
WOW,Woolworths Grp Ltd,Consumer Staples,Physical,2.2104,2,1,1,2,2,2,1,2,2,1,2,1.5,1.6666666666666667,1.6666666666666667,1.6666666666666667,18
WTC,Wisetech Global Lt,Information Technology,Reference,0.4148,1,2,1,1,0,0,1,1,1,2,1,1.5,0.6666666666666666,0.6666666666666666,1.3333333333333333,11
XRO,Xero Limited,Information Technology,Reference,0.6204,1,1,1,2,1,1,2,1,1,2,2,1.0,1.3333333333333333,1.3333333333333333,1.6666666666666667,15
